retailer,category,name,price_text,price,old_price_text,old_price,url
istore,mac,iMac 24-inch | Apple M4,R34 299,34299.0,,,https://www.istore.co.za/mac
istore,mac,14-inch MacBook Pro M5,R40 799,40799.0,,,https://www.istore.co.za/mac
istore,mac,Mac mini | Apple M4,R24 499,24499.0,,,https://www.istore.co.za/mac
istore,mac,13-inch MacBook Air M5,R26 499,26499.0,,,https://www.istore.co.za/mac
istore,mac,Apple Studio Display,R45 199,45199.0,,,https://www.istore.co.za/mac
istore,mac,MacBook Neo,R13 999,13999.0,,,https://www.istore.co.za/mac
istore,mac,MacBook Pro 16-inch | Apple M4,R52 999,52999.0,,,https://www.istore.co.za/mac
istore,mac,15-inch MacBook Air M5,R30 599,30599.0,,,https://www.istore.co.za/mac
istore,mac,Apple Studio Display XDR,R81 999,81999.0,,,https://www.istore.co.za/mac
istore,mac,14-inch MacBook Pro M5 Pro / M5 Max,R50 999,50999.0,,,https://www.istore.co.za/mac
istore,mac,16-inch MacBook Pro M5 Pro / M5 Max,R61 199,61199.0,,,https://www.istore.co.za/mac
istore,mac,Beats USB-C to Lightning Woven Cable (1.5 m),R549,549.0,,,https://www.istore.co.za/mac
istore,mac,Tucano Fine Zaino Doppio Vano Backpack for MacBook 16-inch/15-inch,R1 599,1599.0,,,https://www.istore.co.za/mac
istore,mac,Beats Powerbeats Pro 2 High-Performance Earbuds,R5 499,5499.0,,,https://www.istore.co.za/mac
istore,mac,Beats Studio Pro Premium Wireless Noise Cancelling Headphones,R7 699,7699.0,,,https://www.istore.co.za/mac
istore,mac,Beats Studio Buds + True Wireless Noise Cancelling Earbuds,R3 699,3699.0,,,https://www.istore.co.za/mac
istore,mac,Apple HomePod mini,R2 999,2999.0,,,https://www.istore.co.za/mac
istore,mac,Beats Flex – All-Day Wireless Earphones,R1 599,1599.0,,,https://www.istore.co.za/mac
istore,mac,Mac Studio | Apple M3 Ultra | 60‑core GPU | 1TB,R107 999,107999.0,,,https://www.istore.co.za/mac
istore,mac,Mac Studio | Apple M4 Max | 32‑core GPU | 512GB,R50 999,50999.0,,,https://www.istore.co.za/mac
istore,mac,iMac 24-inch | Apple M4 | Nano-Texture Glass | 256GB SSD - Silver,R43 499,43499.0,,,https://www.istore.co.za/mac
istore,mac,ZAGG Desk Keyboard Mouse Combo - Black,R999,999.0,,,https://www.istore.co.za/mac
istore,mac,Satechi Slim LX3 Wired Keyboard - Silver,R899,899.0,,,https://www.istore.co.za/mac
istore,mac,Satechi Slim LX Wired Mouse - Silver,R499,499.0,,,https://www.istore.co.za/mac
istore,iphone,iPhone 16e,R11 999,11999.0,,,https://www.istore.co.za/iphone
istore,iphone,Apple iPhone 17e Silicone Case with MagSafe,R1 399,1399.0,,,https://www.istore.co.za/iphone
istore,iphone,Beats USB-C to Lightning Woven Cable (1.5 m),R549,549.0,,,https://www.istore.co.za/iphone
istore,iphone,Beats Rugged Case with MagSafe and Camera Control for iPhone 17,R2 199,2199.0,,,https://www.istore.co.za/iphone
istore,iphone,Beats Rugged Case with MagSafe and Camera Control for iPhone 17 Pro,R2 199,2199.0,,,https://www.istore.co.za/iphone
istore,iphone,iPhone 16,R17 499,17499.0,,,https://www.istore.co.za/iphone
istore,iphone,iPhone 17e,R14 599,14599.0,,,https://www.istore.co.za/iphone
istore,iphone,iPhone 15,R13 999,13999.0,,,https://www.istore.co.za/iphone
istore,iphone,iPhone 17 Pro,R24 999,24999.0,R27 999,27999.0,https://www.istore.co.za/iphone
istore,iphone,iPhone 17,R19 999,19999.0,,,https://www.istore.co.za/iphone
istore,iphone,iPhone Air,R19 999,19999.0,,,https://www.istore.co.za/iphone
istore,iphone,Beats USB-A to USB-C Woven Cable (1.5m),R549,549.0,,,https://www.istore.co.za/iphone
istore,iphone,JBL Junior 320BT Wireless On-Ear Kids Headphones,R599,599.0,,,https://www.istore.co.za/iphone
istore,iphone,JBL Flip 7 Portable Bluetooth Speaker,R2 499,2499.0,,,https://www.istore.co.za/iphone
istore,iphone,Beats Powerbeats Pro 2 High-Performance Earbuds,R5 499,5499.0,,,https://www.istore.co.za/iphone
istore,iphone,Apple AirPods 4,R2 799,2799.0,,,https://www.istore.co.za/iphone
istore,iphone,Beats Studio Pro Premium Wireless Noise Cancelling Headphones,R7 699,7699.0,,,https://www.istore.co.za/iphone
istore,iphone,Beats Studio Buds + True Wireless Noise Cancelling Earbuds,R3 699,3699.0,,,https://www.istore.co.za/iphone
istore,iphone,Apple HomePod (2nd Gen),R8 179,8179.0,,,https://www.istore.co.za/iphone
istore,iphone,Apple HomePod mini,R2 999,2999.0,,,https://www.istore.co.za/iphone
istore,iphone,Beats Flex – All-Day Wireless Earphones,R1 599,1599.0,,,https://www.istore.co.za/iphone
istore,iphone,Beats Studio Buds True Wireless Noise Cancelling Earphones,,,,,https://www.istore.co.za/iphone
istore,iphone,Belkin Boostcharge Power Bank 10K Display - Pink,R599,599.0,,,https://www.istore.co.za/iphone
istore,iphone,Sony WH- 1000XM6 Noise Cancelling Bluetooth Headphones - Pink,R10 999,10999.0,,,https://www.istore.co.za/iphone
istore,ipad,13-inch iPad Pro M5,R30 799,30799.0,,,https://www.istore.co.za/ipad/shop-ipad-range
istore,ipad,11-inch iPad Pro M5,R24 599,24599.0,,,https://www.istore.co.za/ipad/shop-ipad-range
istore,ipad,11-inch iPad Pro M4,R27 999,27999.0,,,https://www.istore.co.za/ipad/shop-ipad-range
istore,ipad,13-inch iPad Air M4,R17 499,17499.0,R19 399,19399.0,https://www.istore.co.za/ipad/shop-ipad-range
istore,ipad,11-inch iPad Air M4,R13 499,13499.0,R15 299,15299.0,https://www.istore.co.za/ipad/shop-ipad-range
istore,ipad,13-inch iPad Air M3,R14 999,14999.0,,,https://www.istore.co.za/ipad/shop-ipad-range
istore,ipad,11-inch iPad Air M3,R15 999,15999.0,,,https://www.istore.co.za/ipad/shop-ipad-range
istore,ipad,iPad A16,R8 799,8799.0,,,https://www.istore.co.za/ipad/shop-ipad-range
istore,ipad,iPad mini A17 Pro,R12 299,12299.0,,,https://www.istore.co.za/ipad/shop-ipad-range
istore,ipad,iPad Accessories,R299,299.0,,,https://www.istore.co.za/ipad/shop-ipad-range
istore,ipad,11-inch iPad Pro M5,R24 599,24599.0,,,https://www.istore.co.za/ipad/shop-ipad-range
istore,ipad,13-inch iPad Air M4,R17 499,17499.0,R19 399,19399.0,https://www.istore.co.za/ipad/shop-ipad-range
istore,ipad,11-inch iPad Air M4,R13 499,13499.0,R15 299,15299.0,https://www.istore.co.za/ipad/shop-ipad-range
istore,ipad,13-inch iPad Air M3,R14 999,14999.0,,,https://www.istore.co.za/ipad/shop-ipad-range
istore,ipad,11-inch iPad Pro M4,R27 999,27999.0,,,https://www.istore.co.za/ipad/shop-ipad-range
istore,ipad,iPad A16,R8 799,8799.0,,,https://www.istore.co.za/ipad/shop-ipad-range
istore,ipad,iPad mini A17 Pro,R12 299,12299.0,,,https://www.istore.co.za/ipad/shop-ipad-range
istore,ipad,11-inch iPad Air M3,R15 999,15999.0,,,https://www.istore.co.za/ipad/shop-ipad-range
istore,ipad,13-inch iPad Pro M5,R30 799,30799.0,,,https://www.istore.co.za/ipad/shop-ipad-range
istore,watch,Apple Watch Ultra 3,R18 799,18799.0,,,https://www.istore.co.za/apple-watch/shop-watch-range
istore,watch,Apple Watch Series 11,R9 399,9399.0,,,https://www.istore.co.za/apple-watch/shop-watch-range
istore,watch,Apple Watch SE 3,R5 799,5799.0,,,https://www.istore.co.za/apple-watch/shop-watch-range
istore,watch,Apple Watch Series 10,R5 999,5999.0,,,https://www.istore.co.za/apple-watch/shop-watch-range
istore,watch,Apple Watch SE,R5 799,5799.0,,,https://www.istore.co.za/apple-watch/shop-watch-range
istore,watch,Apple Watch Accessories,R299,299.0,,,https://www.istore.co.za/apple-watch/shop-watch-range
istore,watch,Apple Watch SE 2 Sport Band,R5 799,5799.0,,,https://www.istore.co.za/apple-watch/shop-watch-range
istore,watch,Apple Watch SE 2 Sport Loop,,,,,https://www.istore.co.za/apple-watch/shop-watch-range
istore,watch,Apple Watch SE 3 Sport Band,R5 799,5799.0,,,https://www.istore.co.za/apple-watch/shop-watch-range
istore,watch,Apple Watch series 10 Sport Band,R7 999,7999.0,R7 999,7999.0,https://www.istore.co.za/apple-watch/shop-watch-range
istore,watch,Apple Watch Series 10 Sport Loop,R7 999,7999.0,,,https://www.istore.co.za/apple-watch/shop-watch-range
istore,watch,Apple Watch Series 11 Sport Band,R9 399,9399.0,,,https://www.istore.co.za/apple-watch/shop-watch-range
istore,watch,Apple Watch Series 11 Milanese Loop,R17 599,17599.0,,,https://www.istore.co.za/apple-watch/shop-watch-range
istore,watch,Apple Watch Ultra 3 Ocean Band,R18 799,18799.0,,,https://www.istore.co.za/apple-watch/shop-watch-range
istore,watch,Apple Watch Ultra 3 Alpine Loop,R18 799,18799.0,,,https://www.istore.co.za/apple-watch/shop-watch-range
istore,watch,Apple Watch Ultra 3 Trail Loop,R18 799,18799.0,,,https://www.istore.co.za/apple-watch/shop-watch-range
istore,watch,Apple Watch Ultra 3 Milanese Loop,R21 099,21099.0,,,https://www.istore.co.za/apple-watch/shop-watch-range
istore,airpods,Apple AirPods Pro 3,R5 399,5399.0,,,https://www.istore.co.za/airpods
istore,airpods,Apple AirPods 4,R2 799,2799.0,,,https://www.istore.co.za/airpods
istore,airpods,Apple AirPods Max 2,R11 499,11499.0,,,https://www.istore.co.za/airpods
istore,airpods,AirPods Accessories,R299,299.0,,,https://www.istore.co.za/airpods
istore,airpods,Apple AirPods Max 2,R11 499,11499.0,,,https://www.istore.co.za/airpods
istore,airpods,Apple AirPods 4,R2 799,2799.0,,,https://www.istore.co.za/airpods
istore,airpods,Apple AirPods Max,,,,,https://www.istore.co.za/airpods
istore,airpods,Apple AirPods Pro 3,R5 399,5399.0,,,https://www.istore.co.za/airpods
istore,appletv,2022 Apple TV 4K (3rd Gen),R4 199,4199.0,,,https://www.istore.co.za/music-and-tech/discover-apple-tv/shop-apple-tv
istore,appletv,Apple HomePod (2nd Gen),R8 179,8179.0,,,https://www.istore.co.za/music-and-tech/discover-apple-tv/shop-apple-tv
istore,appletv,Apple HomePod mini,R2 999,2999.0,,,https://www.istore.co.za/music-and-tech/discover-apple-tv/shop-apple-tv
istore,appletv,TV & Home Accessories,R599,599.0,,,https://www.istore.co.za/music-and-tech/discover-apple-tv/shop-apple-tv
istore,appletv,2022 Apple TV 4K (3rd Gen),R4 199,4199.0,,,https://www.istore.co.za/music-and-tech/discover-apple-tv/shop-apple-tv
istore,appletv,Apple TV Siri Remote,R1 399,1399.0,,,https://www.istore.co.za/music-and-tech/discover-apple-tv/shop-apple-tv
istore,accessories,Apple iPhone 17 Pro Silicone Case with MagSafe,R1 399,1399.0,,,https://www.istore.co.za/accessories
istore,accessories,Apple iPhone 17 Pro Max Silicone Case with MagSafe,R1 399,1399.0,,,https://www.istore.co.za/accessories
istore,accessories,Apple iPhone 17 Silicone Case with MagSafe,R1 399,1399.0,,,https://www.istore.co.za/accessories
istore,accessories,Apple iPhone 17e Silicone Case with MagSafe,R1 399,1399.0,,,https://www.istore.co.za/accessories
istore,accessories,Beats Rugged Case with MagSafe and Camera Control for iPhone 17,R2 199,2199.0,,,https://www.istore.co.za/accessories
istore,accessories,Beats Rugged Case with MagSafe and Camera Control for iPhone 17 Pro,R2 199,2199.0,,,https://www.istore.co.za/accessories
istore,accessories,Beats USB-A to USB-C Woven Cable (1.5m),R549,549.0,,,https://www.istore.co.za/accessories
istore,accessories,Beats USB-C to USB-C Woven Cable (1.5 m),R549,549.0,,,https://www.istore.co.za/accessories
istore,accessories,Tucano Fine Zaino Doppio Vano Backpack for MacBook 16-inch/15-inch,R1 599,1599.0,,,https://www.istore.co.za/accessories
istore,accessories,JBL Junior 320BT Wireless On-Ear Kids Headphones,R599,599.0,,,https://www.istore.co.za/accessories
istore,accessories,JBL Flip 7 Portable Bluetooth Speaker,R2 499,2499.0,,,https://www.istore.co.za/accessories
istore,accessories,Apple Smart Folio for iPad (A16),R2 299,2299.0,,,https://www.istore.co.za/accessories
istore,accessories,Beats Powerbeats Pro 2 High-Performance Earbuds,R5 499,5499.0,,,https://www.istore.co.za/accessories
istore,accessories,Ocean Band for Apple Watch 49mm with Black Titanium Finish,R2 399,2399.0,,,https://www.istore.co.za/accessories
istore,accessories,Trail Loop for Apple Watch 49mm with Black Titanium Finish,R2 399,2399.0,,,https://www.istore.co.za/accessories
istore,accessories,Trail Loop for Apple Watch 49mm with Natural Titanium Finish,R2 399,2399.0,,,https://www.istore.co.za/accessories
istore,accessories,Apple Watch Nike Sport Loop,,,,,https://www.istore.co.za/accessories
istore,accessories,Apple Watch Sport Band,R1 199,1199.0,,,https://www.istore.co.za/accessories
istore,accessories,Ocean Band for Apple Watch 49mm with Natural Titanium Finish,R2 399,2399.0,,,https://www.istore.co.za/accessories
istore,accessories,Apple Watch Nike Sport Band,R499,499.0,,,https://www.istore.co.za/accessories
istore,accessories,Apple Watch Sport Loop,R1 199,1199.0,,,https://www.istore.co.za/accessories
istore,accessories,Apple AirPods 4,R2 799,2799.0,,,https://www.istore.co.za/accessories
istore,accessories,Beats Pill Wireless Bluetooth Speaker,R3 599,3599.0,,,https://www.istore.co.za/accessories
istore,accessories,Beats Solo 4 Wireless On-Ear Headphones,R4 399,4399.0,,,https://www.istore.co.za/accessories
